{"diggfriends.tsv": {"density": 3.955688405289343e-05, "count_comps": 7136, "avg": 0.0937963964274682, "assort": -0.05570734485697098, "not_snow": {"radius": 10.0, "diameter": 16.333333333333332, "perc90": 6.0}, "snow": {"radius": 9.0, "diameter": 12.333333333333334, "perc90": 4.0}, "vertices": 279631, "edges": 1546540, "percentage": 0.934066680732823}, "email.tsv": {"vertices": 168, "edges": 3250, "density": 0.23167949814656402, "count_comps": 1, "percentage": 0.9940476190476191, "avg": 0.5920039640269172, "assort": -0.29399378998399794, "radius": 3, "diameter": 5, "perc90": 3}, "bitcoinotc.tsv": {"vertices": 5882, "edges": 21492, "density": 0.001242597936253662, "count_comps": 4, "percentage": 0.9988099285957157, "snow": {"radius": 5.0, "diameter": 7.333333333333333, "perc90": 4.0}, "not_snow": {"radius": 5.333333333333333, "diameter": 9.0, "perc90": 5.0}, "avg": 0.1776857752383111, "assort": -0.16483359451314525}, "bitcoinalpha.tsv": {"vertices": 3784, "edges": 14124, "density": 0.001973332349740885, "count_comps": 5, "percentage": 0.9976215644820295, "snow": {"radius": 5.0, "diameter": 6.666666666666667, "perc90": 4.0}, "not_snow": {"radius": 5.0, "diameter": 9.333333333333334, "perc90": 5.0}, "avg": 0.17700334353599692, "assort": -0.16851576112150404}}